一覧,https://artscape.jp/exhibitions/?area=tokyo,artscape
上野,https://www.nmwa.go.jp/jp/,国立西洋美術館
上野,https://www.tnm.jp/,東京国立博物館
上野,https://www.tobikan.jp/,東京都美術館
上野,https://museum.geidai.ac.jp/,東京藝大美術館
上野,http://www.ueno-mori.org/,上野の森美術館
都内(国公立),https://www.nact.jp/,国立新美術館
都内(国公立),https://www.momat.go.jp/,東京国立近代美術館
都内(国公立),https://www.edo-tokyo-museum.or.jp/,江戸東京博物館（休館中）
都内(国公立),https://www.teien-art-museum.ne.jp/,東京都庭園美術館
都内(国公立),https://shozokan.nich.go.jp/,皇居三の丸尚蔵館
都内(区立),https://www.city.itabashi.tokyo.jp/artmuseum/,板橋区立美術館
都内(区立),https://shoto-museum.jp/,渋谷区立松涛美術館
都内(区立),https://www.neribun.or.jp/museum.html,練馬区立美術館
都内(区立),https://www.setagayaartmuseum.or.jp/,世田谷美術館
都内(区立),https://www.ota-bunka.or.jp/facilities/ryushi,大田区立龍子記念館
都内(区立),https://mmat.jp/,目黒区美術館
都内(区立),https://hokusai-museum.jp/,すみだ北斎美術館
都内(企業系),https://www.yamatane-museum.jp/,山種美術館
都内(企業系),https://idemitsu-museum.or.jp/,出光美術館
都内(企業系),https://mimt.jp/,三菱一号館美術館
都内(企業系),https://www.artizon.museum/,アーティゾン美術館
都内(企業系),https://www.ejrcf.or.jp/gallery/index.asp,東京ステーションギャラリー
都内(企業系),https://www.seikado.or.jp/,静嘉堂文庫美術館
都内(企業系),https://www.mitsui-museum.jp/,三井記念美術館
都内(企業系),https://sen-oku.or.jp/tokyo/,泉屋博古館東京
都内(企業系),https://www.sompo-museum.org/,SONPO美術館
都内(企業系),https://www.bunkamura.co.jp/museum/,BunkamuraTheMuseum（休館中）
都内(企業系),https://www.suntory.co.jp/sma/,サントリー美術館
都内(百貨店・ホテル),https://www.takashimaya.co.jp/nihombashi/departmentstore/topics/art.html,日本橋高島屋美術カレンダー
都内(百貨店・ホテル),https://www.nakamuraya.co.jp/museum/,中村屋サロン
都内(百貨店・ホテル),https://www.shukokan.org/,大倉集古館
都内(百貨店・ホテル),https://tcv.roppongihills.com/jp/,東京シティビュー
都内(個人),https://www.hasegawamachiko.jp/,長谷川町子美術館
都内(個人),http://www.ukiyoe-ota-muse.jp/,太田記念美術館
都内(個人),https://www.gotoh-museum.or.jp/,五島美術館
都内(個人),https://hikari-m-art.org/,光が丘美術館
都内(個人),https://www.nezu-muse.or.jp/,根津美術館
都内(個人),https://www.eiseibunko.com/,永青文庫
都内(個人),http://sato-museum.la.coocan.jp/,佐藤美術館
都内(個人),https://www.satosakura.jp/,郷さくら美術館
都内(個人),https://www.hanzomonmuseum.jp/,半蔵門ミュージアム
都内(個人),https://www.matsuoka-museum.jp/,松岡美術館
都下,https://www.city.fuchu.tokyo.jp/art/index.html,府中市美術館
都下,https://mitaka-sportsandculture.or.jp/gallery/,三鷹市美術ギャラリー
都下,https://www.yumebi.com/,八王子市夢美術館
都下,https://www.fujibi.or.jp/,東京富士美術館
都下,https://hanga-museum.jp/,国際版画美術館
都下,https://www.city.ome.tokyo.jp/site/art-museum/,青梅市立美術館
都下,https://www.musashino.or.jp/museum/index.html,武蔵野市立吉祥寺美術館
都下,https://www.tamashinmuseum.org/,たましん美術館
都下,https://www.2480.jp/,西山美術館
都下,http://www.gyokudo.jp/index.html,玉堂美術館
東京都以外,https://yokohama.art.museum/,横浜美術館
東京都以外,https://www.sogo-seibu.jp/common/museum/,横浜そごう美術館
東京都以外,https://www.city.hiratsuka.kanagawa.jp/art-muse/index.html,平塚市美術館
東京都以外,https://www.ccma-net.jp/,千葉市美術館
東京都以外,https://www.chiba-muse.or.jp/ART/,千葉県立美術館
東京都以外,https://pref.spec.ed.jp/momas/,埼玉県立近代美術館
東京都以外,https://www.okada-museum.com/,岡田美術館
東京都以外,http://www.narukawamuseum.co.jp/,成川美術館
東京都以外,https://www.polamuseum.or.jp/,ポーラ美術館
東京都以外,https://kawamura-museum.dic.co.jp/,川村記念美術館
東京都以外,https://www.moaart.or.jp/,MOA美術館

